{
  "MAE": 0.2519560754299164,
  "RMSE": 0.36536859912074726,
  "MAPE": 226.08020125998226,
  "SMAPE": 77.60648986397311
}