{
  "MAE": 0.25782111287117004,
  "RMSE": 0.36883609057718986,
  "MAPE": 400.757700649213,
  "SMAPE": 136.8219443857726
}