{
  "MAE": 0.34309589862823486,
  "RMSE": 0.46265514838729443,
  "MAPE": 276.6225863603849,
  "SMAPE": 106.76740742757767
}