{
  "MAE": 0.5736039213834693,
  "RMSE": 0.6555004357158603,
  "MAPE": 521.033741297552,
  "SMAPE": 135.1919838699164
}