{
  "MAE": 0.2761199176311493,
  "RMSE": 0.3792035421144157,
  "MAPE": 208.97846265656113,
  "SMAPE": 87.29672871477217
}